{"15.0": 10.101812786279533, "16.0": 14.691002188406168, "17.0": 18.273448333787613, "18.0": 14.251527868849113, "19.0": 12.373635420774722, "20.0": 12.140350252924447, "21.0": 12.214027742014862, "22.0": 12.504964736861192, "23.0": 12.87040177288675, "24.0": 13.306089381822058, "25.0": 13.726198488353612, "26.0": 14.118845513480077, "27.0": 14.52048386797414, "28.0": 14.92411041662505, "29.0": 15.303809506728804, "30.0": 15.664914700308898, "31.0": 16.027100329025043, "32.0": 16.382036581728144, "33.0": 16.70754535921897, "34.0": 17.036846753299166, "35.0": 17.325371378324427, "36.0": 17.65747629603202, "37.0": 17.932549139761026, "38.0": 18.22504513145047, "39.0": 18.51587370185578, "40.0": 18.77215996323468, "41.0": 19.01734255651526, "42.0": 19.274532708963914, "43.0": 19.508082124098213, "44.0": 19.794730497408217, "45.0": 20.09011113684196, "46.0": 20.26380222768458, "47.0": 20.601296413008132, "48.0": 20.813733199107105, "49.0": 21.080205573026877, "50.0": 21.29157068001702, "51.0": 21.527621881890802, "52.0": 21.803053765628857, "53.0": 22.070542316984717, "54.0": 22.38695789791152, "55.0": 22.752317533378452, "56.0": 23.106156169853257, "57.0": 23.46376992668591, "58.0": 23.792582895302314, "59.0": 24.154666486194944, "60.0": 24.640103370000087}