{"15.0": 0.15625268942508438, "16.0": 0.1968214522171474, "17.0": 0.2460002429723304, "18.0": 0.3062065955672691, "19.0": 0.37668664826067694, "20.0": 0.4556751930819335, "21.0": 0.5648980149269264, "22.0": 0.6843686813082059, "23.0": 0.8242188219867613, "24.0": 0.9918651639991174, "25.0": 1.2006001254874414, "26.0": 1.4773239218940997, "27.0": 1.7690785637847486, "28.0": 2.1595399002783573, "29.0": 2.614608996328327, "30.0": 3.1720235406350645, "31.0": 3.867775777975926, "32.0": 4.764960536300066, "33.0": 5.941607887176997, "34.0": 7.252545364365893, "35.0": 8.973135708800816, "36.0": 11.387248964433347, "37.0": 14.598954500773411, "38.0": 18.200689806203073, "39.0": 23.178095100945413, "40.0": 30.65941788158079, "41.0": 39.37692473748602, "42.0": 48.58375187972588, "43.0": 65.18345214069548, "44.0": 82.13428915600845, "45.0": 101.2312413641813, "46.0": 116.83886935705696, "47.0": 123.74100545253555, "48.0": 124.49695575974819, "49.0": 118.10894981524055, "50.0": 106.96683141146917, "51.0": 95.00769693891242, "52.0": 84.11487043379006, "53.0": 73.92091332761748, "54.0": 64.51847137351413, "55.0": 57.914044672576644, "56.0": 51.53061836683648, "57.0": 46.759456853195815, "58.0": 43.088775648091065, "59.0": 39.543527467876295, "60.0": 36.267625553784576, "61.0": 33.742471520505745, "62.0": 31.692231666038264, "63.0": 29.590497975706842, "64.0": 28.21291754790225, "65.0": 26.78920449386456, "66.0": 25.68104330595515, "67.0": 24.43108733259255, "68.0": 23.51460165158581, "69.0": 22.648221273798804, "70.0": 21.895408917807032, "71.0": 21.258825385466917, "72.0": 20.653902108409984, "73.0": 20.108416131837917, "74.0": 19.61599910522347, "75.0": 19.238472314089044, "76.0": 18.79698547335335, "77.0": 18.475098992797804, "78.0": 18.10819495795986, "79.0": 17.844628692460503, "80.0": 17.614587992562495, "81.0": 17.32926787605318, "82.0": 17.129690235477568, "83.0": 16.951551695711704, "84.0": 16.759264921280185, "85.0": 16.577049835281002, "86.0": 16.497542822471566, "87.0": 16.347291938805174, "88.0": 16.22434302398424, "89.0": 16.13693359765546, "90.0": 16.054599208707497, "91.0": 15.951126431139924, "92.0": 15.884852214821146, "93.0": 15.87041873871737, "94.0": 15.8140974003943, "95.0": 15.742637442838895, "96.0": 15.732897778317252, "97.0": 15.693112827381588, "98.0": 15.665071018019217, "99.0": 15.6845805092508, "100.0": 15.664914700308621, "101.0": 15.693291740300257, "102.0": 15.762806777327983, "103.0": 15.72365728060962, "104.0": 15.777864004510105, "105.0": 15.799329336878447, "106.0": 15.857044213035605, "107.0": 15.98495458667359, "108.0": 16.10730572725726, "109.0": 16.246068915904278, "110.0": 16.320613056465632, "111.0": 16.572647778420052, "112.0": 16.9397415766508, "113.0": 17.00829145609122, "114.0": 17.268540526033114, "115.0": 18.17994703472915, "116.0": 19.16975402999181, "117.0": 21.135213953067108, "118.0": 22.055030972659033, "119.0": 26.004659124632806, "120.0": 27.945505048819662, "121.0": 38.2519775914269, "122.0": 47.699844679151475, "123.0": 67.60240244481726, "124.0": 94.86086964033493, "125.0": 122.67616140480213, "126.0": 121.2710783515604, "127.0": 74.76185185025976, "128.0": 77.5543755767424, "129.0": 63.9130508901068, "130.0": 53.1336966543063, "131.0": 43.95353328715566, "132.0": 35.21167770961809, "133.0": 31.72288947901646, "134.0": 28.564583302450302, "135.0": 26.94758436796866, "136.0": 25.310777486893496, "137.0": 23.655339487658818, "138.0": 22.614451382931808, "139.0": 21.93930734891106, "140.0": 21.128392681137207, "141.0": 20.62674856335292, "142.0": 20.051747733553796, "143.0": 19.595496712513352, "144.0": 18.927640678522657, "145.0": 18.65945784889722, "146.0": 18.140835669313123, "147.0": 17.84099429716704, "148.0": 17.442509655106146, "149.0": 19.97805572856738, "150.0":15.66500000000000 }